/*
SQLyog Ultimate v11.11 (64 bit)
MySQL - 5.5.5-10.4.14-MariaDB : Database - proyecto
*********************************************************************
*/


/*!40101 SET NAMES utf8 */;

/*!40101 SET SQL_MODE=''*/;

/*!40014 SET @OLD_UNIQUE_CHECKS=@@UNIQUE_CHECKS, UNIQUE_CHECKS=0 */;
/*!40014 SET @OLD_FOREIGN_KEY_CHECKS=@@FOREIGN_KEY_CHECKS, FOREIGN_KEY_CHECKS=0 */;
/*!40101 SET @OLD_SQL_MODE=@@SQL_MODE, SQL_MODE='NO_AUTO_VALUE_ON_ZERO' */;
/*!40111 SET @OLD_SQL_NOTES=@@SQL_NOTES, SQL_NOTES=0 */;
CREATE DATABASE /*!32312 IF NOT EXISTS*/`proyecto` /*!40100 DEFAULT CHARACTER SET utf8 */;

USE `proyecto`;

/*Table structure for table `asigna_permisos_perfiles` */

DROP TABLE IF EXISTS `asigna_permisos_perfiles`;

CREATE TABLE `asigna_permisos_perfiles` (
  `ID` int(11) NOT NULL AUTO_INCREMENT,
  `ID_PERFIL` int(11) NOT NULL,
  `ID_ICONO` int(11) NOT NULL,
  `ID_MENU` int(11) NOT NULL,
  `ESTATUS` int(11) NOT NULL DEFAULT 1,
  PRIMARY KEY (`ID`)
) ENGINE=InnoDB AUTO_INCREMENT=10 DEFAULT CHARSET=utf8;

/*Data for the table `asigna_permisos_perfiles` */

insert  into `asigna_permisos_perfiles`(`ID`,`ID_PERFIL`,`ID_ICONO`,`ID_MENU`,`ESTATUS`) values (1,1,1,1,1),(2,1,2,1,1),(3,1,3,1,1),(4,1,1,2,1),(5,1,2,2,1),(6,1,3,2,1),(7,1,1,3,1),(8,1,2,3,1),(9,1,0,4,1);

/*Table structure for table `grupo` */

DROP TABLE IF EXISTS `grupo`;

CREATE TABLE `grupo` (
  `ID` int(11) NOT NULL AUTO_INCREMENT,
  `SEMESTRE` int(11) NOT NULL,
  `CURSO` varchar(100) NOT NULL,
  `ID_TIPO` int(11) NOT NULL DEFAULT 1,
  `ESTATUS` int(11) NOT NULL DEFAULT 1,
  'DOCENTE' varchar(80),
  PRIMARY KEY (`ID`)
) ENGINE=InnoDB AUTO_INCREMENT=306 DEFAULT CHARSET=utf8;

/*Data for the table `grupo` */

insert  into `grupo`(`ID`,`SEMESTRE`,`CURSO`,`ID_TIPO`,`ESTATUS`) values (1,7,'NT1671-9 - ANTEPROYECTO',1,1),(2,7,'CI1674-9 - BIBLIOMETRÍA',1,1),
  (3,7,'  EL1106-9 - ELECTIVA DISCIPLINAR I',1,1),(4,7,'CI6672-9 - ELECTIVA PROFESIONAL II: SOCIOLOGÍA DE LA INFORMACIÓN',1,1),
  (5,7,'CI1611-9 - EPISTEMOLOGÍA DE LA CIENCIA DE LA INFORMACIÓN',1,1),(6,7,'CI1673-9 - SISTEMA DE GESTIÓN DE LA CALIDAD',1,1),
  (7,8,'CI1682-9 - ADMINISTRACIÓN DE SISTEMAS DE INFORMACIÓN Y DOCUMENTACIÓN',1,1),(8,8,'CI1683-9 - CONTRATACIÓN Y LICITACIÓN',1,1),
  (9,8,'EL1107-9 - ELECTIVA DISCIPLINAR II',1,1),(10,8,'CI6683-9 - ELECTIVA PROFESIONAL III: NORMALIZACIÓN DOCUMENTAL Y GESTIÓN DE CALIDAD',1,1),
  (11,8,'NT1681-9 - PROYECTO',1,1),(12,8,'CB1651-9 - QUÍMICA',1,1),(13,8,'OG0004-9 - SEMINARIO DE PROFUNDACIÓN FIT',1,1),
  (14,9,'CI1661-9 - ARQUITECTURA DE LA INFORMACIÓN',1,1),(15,9,'CI6696-9 - ELECTIVA DISCIPLINAR III: CREACIÓN MULTIMEDIAL',1,1),
  (16,9,'CI6692-9 - ELECTIVA PROFESIONAL IV: ECOLOGÍA DE LA INFORMACIÓN',1,1),(17,9,'CI1693-9 - PERFIL Y ESTUDIO DE USUARIOS',1,1),
  (18,9,'CI1694-9 - PROGRAMAS DE PROMOCIÓN DE LA LECTURA',1,1),(19,9,'CI1654-9 - TVD Y TRD',1,1),(20,7,'NT1671-8 - ANTEPROYECTO',1,1),
  (21,7,'CI1674-8 - BIBLIOMETRÍA',1,1),(22,7,'EL1106-8 - ELECTIVA DISCIPLINAR I',1,1),(23,7,'CI6672-8 - ELECTIVA PROFESIONAL II: SOCIOLOGÍA DE LA INFORMACIÓN',1,1),
  (24,7,'CI1611-8 - EPISTEMOLOGÍA DE LA CIENCIA DE LA INFORMACIÓN',1,1),(25,7,'CI1673-8 - SISTEMA DE GESTIÓN DE LA CALIDAD',1,1),
  (26,8,'CI1682-8 - ADMINISTRACIÓN DE SISTEMAS DE INFORMACIÓN Y DOCUMENTACIÓN',1,1),(27,8,'CI1683-8 - CONTRATACIÓN Y LICITACIÓN',1,1),
  (28,8,'CI1672-8 - EVALUACIÓN DE SOFTWARE BIBLIOGRÁFICO Y DOCUMENTAL',1,1),(29,8,'CI1692-8 - MERCADEO DE LA INFORMACIÓN',1,1),
  (30,8,'NT1681-8 - PROYECTO',1,1),(31,8,'  CB1651-8 - QUÍMICA',1,1),(32,8,'OG0004-8 - SEMINARIO DE PROFUNDACIÓN FIT',1,1),
  (33,9,'CI1661-8 - ARQUITECTURA DE LA INFORMACIÓN',1,1),(34,9,'CI1666-8 - CONSERVACIÓN Y PRESERVACIÓN DOCUMENTAL',1,1),
  (35,9,'CI1621-8 - FUENTES Y RECURSOS DE INFORMACIÓN',1,1),(36,9,'CI1693-8 - PERFIL Y ESTUDIO DE USUARIOS',1,1),
  (37,9,'CI1694-8 - PROGRAMAS DE PROMOCIÓN DE LA LECTURA',1,1),(38,9,'CI1654-8 - TVD Y TRD',1,1),
  (39,6,'CI1611-7 - EPISTEMOLOGÍA DE LA CIENCIA DE LA INFORMACIÓN',1,1),(40,6,'LE1673-7 - IDIOMA EXTRANJERO III',1,1),
  (41,6,'CI1622-7 - INSTITUCIONES ARCHIVISTICAS',1,1),(42,6,'CB1611-7 - MATEMÁTICA BÁSICA',1,1),
  (43,6,'ID1112-7 - PRINCIPIOS ARCHIVISTICOS',1,1),(44,6,'TE1631-7 - TELEMÁTICA',1,1),
  (45,7,'CB1621-7 - CÁLCULO DIFERENCIAL',1,1),(46,7,'ID1132-7 - CLASIFICACIÓN DOCUMENTAL',1,1),
  (47,7,'CB1634-7 - ESTADÍSTICA Y PROBABILIDADES',1,1),(48,7,'NT1661-7 - FUNDAMENTOS DE INVESTIGACIÓN',1,1),
  (49,7,'CB1651-7 - QUÍMICA',1,1),(50,7,'ID1122-7 - UNIDADES DE CORRESPONDENCIA',1,1),(51,8,'NT1671-7 - ANTEPROYECTO',1,1),
  (52,8,'CI1674-7 - BIBLIOMETRÍA',1,1),(53,8,'CI1683-7 - CONTRATACIÓN Y LICITACIÓN',1,1),(54,8,'EL1106-7 - ELECTIVA DISCIPLINAR I',1,1),
  (55,8,'ID1142-7 - ORGANIZACIÓN DOCUMENTAL',1,1),(56,8,'CI1654-7 - TVD Y TRD',1,1),(57,9,'CI1661-7 - ARQUITECTURA DE LA INFORMACIÓN',1,1),
  (58,9,'CI1642-7 - DESCRIPCIÓN DOCUMENTAL',1,1),(59,9,'CI6692-7 - ELECTIVA PROFESIONAL IV: ECOLOGÍA DE LA INFORMACIÓN',1,1),
  (60,9,'CI1692-7 - MERCADEO DE LA INFORMACIÓN',1,1),(61,9,'CI1652-7 - MICROFILMACIÓN Y DIGITALIZACIÓN',1,1),(62,9,'NT1681-7 - PROYECTO',1,1),
  (63,9,'OG0004-7 - SEMINARIO DE PROFUNDACIÓN FIT',1,1),(64,6,'CI1611-6 - EPISTEMOLOGÍA DE LA CIENCIA DE LA INFORMACIÓN',1,1),
  (65,6,'CI1621-6 - FUENTES Y RECURSOS DE INFORMACIÓN',1,1),(66,6,'CI1612-6 - HISTORIA DEL LIBRO Y BIBLIOTECAS',1,1),
  (67,6,'LE1673-6 - IDIOMA EXTRANJERO III',1,1),(68,6,'CB1611-6 - MATEMÁTICA BÁSICA',1,1),(69,6,'TE1631-6 - TELEMÁTICA',1,1),
  (70,7,'CB1621-6 - CÁLCULO DIFERENCIAL',1,1),(71,7,'CI1641-6 - CLASIFICACIÓN BIBLIOGRÁFICA',1,1),
  (72,7,'CI1662-6 - DESARROLLO DE COLECCIONES',1,1),(73,7,'CI1631-6 - DESCRIPCIÓN BIBLIOGRÁFICA',1,1),
  (74,7,'CI1653-6 - LEGISLACIÓN Y BIBLIOGRÁFICA DOCUMENTAL',1,1),(75,7,'CB1651-6 - QUÍMICA',1,1),
  (76,8,'CI1651-6 - ANÁLISIS Y LENGUAJES DOCUMENTALES',1,1),(77,8,'NT1671-6 - ANTEPROYECTO',1,1),
  (78,8,'CI1661-6 - ARQUITECTURA DE LA INFORMACIÓN',1,1),(79,8,'CI1674-6 - BIBLIOMETRÍA',1,1),
  (80,8,'CI1683-6 - CONTRATACIÓN Y LICITACIÓN',1,1),(81,8,'CI1672-6 - EVALUACIÓN DE SOFTWARE BIBLIOGRÁFICO Y DOCUMENTAL',1,1),(82,9,'CI6692-6 - ELECTIVA PROFESIONAL IV: ECOLOGÍA DE LA INFORMACIÓN',1,1),(83,9,' CI1692-6 - MERCADEO DE LA INFORMACIÓN',1,1),(84,9,'CI1693-6 - PERFIL Y ESTUDIO DE USUARIOS',1,1),(85,9,'CI1694-6 - PROGRAMAS DE PROMOCIÓN DE LA LECTURA',1,1),(86,9,'NT1681-6 - PROYECTO',1,1),(87,9,'CI1684-6 - RECUPERACIÓN DE LA INFORMACIÓN',1,1),(88,9,'OG0004-6 - SEMINARIO DE PROFUNDACIÓN FIT',1,1),(89,7,'NT1673-3 - ANTEPROYECTO DE INVESTIGACIÓN',1,1),(90,7,'IS1663-3 - CONSTRUCCIÓN Y ARQUITECTURA DE SOFTWARE',1,1),(91,7,' IS1662-3 - DATAWAREHOUSE Y DATAMINING',1,1),(92,7,'IS6694-3 - ELECTIVA PROFESIONAL III: PSP Y TSP',1,1),(93,7,'LE1674-3 - IDIOMA EXTRANJERO IV',1,1),(94,7,'CB1671-3 - INVESTIGACIÓN DE OPERACIONES',1,1),(95,7,'IS1621-3 - LENGUAJE DE PROGRAMACIÓN ASSOCIATE',1,1),(96,8,'AD1682-3 - ADMINISTRACIÓN ORGANIZACIONAL',1,1),(97,8,'IS1671-3 - E-COMMERCE',1,1),(98,8,'IS6672-3 - ELECTIVA DISCIPLINAR III: INTELIGENCIA ARTIFICIAL',1,1),(99,8,' IS1693-3 - GERENCIA DE SOFTWARE',1,1),(100,8,'LE1675-3 - IDIOMA EXTRANJERO V',1,1),(101,8,'IS1631-3 - LENGUAJE DE PROGRAMACIÓN PROGRAMMER',1,1),(102,8,'NT1682-3 - PROYECTO DE INVESIGACIÓN',1,1),(103,9,'  IS1696-3 - AUDITORIA DE SOFTWARE',1,1),(104,9,'IS1697-3 - E-BUSSINES',1,1),(105,9,'IS1641-3 - LENGUAJE DE PROGRAMACIÓN DEVELOPER',1,1),(106,9,' IS1699-3 - SEGURIDAD INFORMÁTICA',1,1),(107,9,'IS1698-3 - SEMINARIO',1,1),(108,9,'NT1683-3 - TRABAJO DE GRADO INVESTIGACIÓN',1,1),(109,1,'SI1112-1 - ARQUITECTURA DE COMPUTADORES',1,1),(110,1,'EX1111-1 - EXPRESION ESCRITA',1,1),(111,1,'LE1171-1 - IDIOMA EXTRANJERO I',1,1),(112,1,'SI1116-1 - INTRODUCCIÓN A LA TECNOLOGÍA COMPUTACIONAL',1,1),(113,1,'SI1114-1 - LÓGICA DE PROGRAMACIÓN',1,1),(114,1,'CB1111-1 - MATEMATICA BASICA',1,1),(115,2,'SI1122-1 - BASES DE DATOS',1,1),(116,2,'CB1121-1 - CALCULO DIFERENCIAL',1,1),(117,2,'SI1124-1 - ESTRUCTURAS Y PROGRAMACIÓN ORIENTADA A OBJETOS',1,1),(118,2,'CB1124-1 - FÍSICA Y LABORATORIO I',1,1),(119,2,'FS1121-1 - FORMACIÓN CIUDADANA',1,1),(120,2,'LE1172-1 - IDIOMA EXTRANJERO II',1,1),(121,2,'TE1121-1 - TELEMÁTICA',1,1),(122,3,'SI1134-1 - BASES DE DATOS APLICADA',1,1),(123,3,'CB1131-1 - CALCULO INTEGRAL',1,1),(124,3,'FS1131-1 - ETICA GENERAL Y PROFESIONAL',1,1),(125,3,'CB1133-1 - FÍSICA Y LABORATORIO II',1,1),(126,3,'LE1173-1 - IDIOMA EXTRANJERO III',1,1),(127,3,'PP0001-1 - MODELAMIENTO DE SISTEMA DE INFORMACIÓN',1,1),(128,3,'SI1133-1 - PROGRAMACIÓN APLICADA',1,1),(129,4,'CB1143-1 - ALGEBRA Y PROGRAMACIÓN LINEAL',1,1),(130,4,'PP0002-1 - ESTADISTICA INFERENCIAL',1,1),(131,4,'NT1141-1 - FUNDAMENTOS DE INVESTIGACIÓN',1,1),(132,4,'SI1144-1 - LENGUAJE VISUAL',1,1),(133,4,'SI1142-1 - METODOLOGÍA DE SOFTWARE',1,1),(134,4,'PR1141-1 - PRACTICA PROFESIONAL',1,1),(135,5,'PP0003-1 - CICLO DE VIDA DE DESARROLLO',1,1),(136,5,' EL1109 -1 - ELECTIVA DE LA PROFESIÓN I',1,1),(137,5,'EL1106-1 - ELECTIVA DISCIPLINAR I',1,1),(138,5,'SI1155-1 - PROGRAMACIÓN WEB',1,1),(139,5,'TE1131-1 - REDES',1,1),(140,5,'NT1152-1 - TÉCNICAS Y MÉTODOS DE INVESTIGACIÓN',1,1),(141,6,'EL1110-1 - ELECTIVA DE LA PROFESIÓN II',1,1),(142,6,'EL1107-1 - ELECTIVA DISCIPLINAR II',1,1),(143,6,'SI1163-1 - NUEVAS TENDENCIAS TECNOLÓGICAS',1,1),(144,6,'SI1162-1 - PROGRAMACIÓN EN AMBIENTES MÓVILES',1,1),(145,6,'SI1164-1 - SISTEMAS OPERATIVOS',1,1),(146,6,'PI1165-1 - TECNOLOGÍA VERDE',1,1),(147,7,'NT1673-1 - ANTEPROYECTO INVESTIGACION',1,1),(148,7,'IS1663-1 - CONSTRUCCIÓN Y ARQUITECTURA DE SOFTWARE',1,1),(149,7,'IS1662-1 - DATAWAREHOUSE & DATAMINING',1,1),(150,7,'EL1617-1 - ELECTIVA PROFESIONAL III',1,1),(151,7,'LE1674-1 - IDIOMA EXTRANJERO IV',1,1),(152,7,'CB1671-1 - INVESTIGACIÓN DE OPERACIONES',1,1),(153,7,'IS1621-1 - LENGUAJE DE PROGRAMACIÓN (ASSOCIATE)',1,1),(154,8,'AD1682-1 - ADMINISTRACIÓN ORGANIZACIONAL',1,1),(155,8,' IS1671-1 - E-COMMERCE',1,1),(156,8,'EL1608-1 - ELECTIVA DISCIPLINAR III',1,1),(157,8,'IS1693-1 - GERENCIA DE SOFTWARE',1,1),(158,8,'LE1675-1 - IDIOMA EXTRANJERO V',1,1),(159,8,'IS1631-1 - LENGUAJE DE PROGRAMACIÓN (PROGRAMMER)',1,1),(160,8,'NT1682-1 - PROYECTO INVESTIGACIÓN',1,1),(161,9,'IS1696-1 - AUDITORIA DE SOFTWARE',1,1),(162,9,'IS1697-1 - E-BUSSINES',1,1),(163,9,'IS1641-1 - LENGUAJE DE PROGRAMACIÓN (DEVELOPER)',1,1),(164,9,' IS1699-1 - SEGURIDAD INFORMÁTICA',1,1),(165,9,'IS1698-1 - SEMINARIO',1,1),(166,9,'NT1683-1 - TRABAJO DE GRADO DE INVESTIGACIÓN',1,1),(167,6,'CB1143-2 - ALGEBRA Y PROGRAMACIÓN LINEAL',1,1),(168,6,'CB1121-2 - CÁLCULO DIFERENCIAL',1,1),(169,6,'PP0003-2 - CICLO DE VIDA DE DESARROLLO',1,1),(170,6,'PP0002-2 - ESTADÍSTICA INFERENCIAL',1,1),(171,6,'CB1133-2 - FÍSICA Y LABORATORIO II',1,1),(172,6,'IS1621-2 - LENGUAJE DE PROGRAMACIÓN ASSOCIATE',1,1),(173,6,'PP0001-2 - MODELAMIENTO DE SISTEMAS DE INFORMACIÓN',1,1),(174,7,'AD1682-2 - ADMINISTRACIÓN ORGANIZACIONAL',1,1),(175,7,'  NT1673-2 - ANTEPROYECTO DE INVESTIGACIÓN',1,1),(176,7,'CB1131-2 - CÁLCULO INTEGRAL',1,1),(177,7,'IS1662-2 - DATAWAREHOUSE Y DATAMINING',1,1),(178,7,'SI6106-2 - ELECTIVA PROFESIONAL II: DESARROLLO DE VIDEOJUEGOS',1,1),(179,7,'IS1631-2 - LENGUAJE DE PROGRAMACIÓN PROGRAMMER',1,1),(180,7,'SI1162-2 - PROGRAMACIÓN EN AMBIENTES MÓVILES',1,1),(181,8,'IS1663-2 - CONSTRUCCIÓN Y ARQUITECTURA DE SOFTWARE',1,1),(182,8,'EL1107-2 - ELECTIVA DISCIPLINAR II',1,1),(183,8,' IS6694-2 - ELECTIVA PROFESIONAL III: PSP Y TSP',1,1),(184,8,'IS1693-2 - GERENCIA DE SOFTWARE',1,1),(185,8,'CB1671-2 - INVESTIGACIÓN DE OPERACIONES',1,1),(186,8,'IS1641-2 - LENGUAJE DE PROGRAMACIÓN DEVELOPER',1,1),(187,8,'NT1682-2 - PROYECTO DE INVESIGACIÓN',1,1),(188,9,' IS1696-2 - AUDITORIA DE SOFTWARE',1,1),(189,9,'IS1697-2 - E-BUSSINES',1,1),(190,9,'IS6672-2 - ELECTIVA DISCIPLINAR III: INTELIGENCIA ARTIFICIAL',1,1),(191,9,'IS1699-2 - SEGURIDAD INFORMÁTICA',1,1),(192,9,'IS1698-2 - SEMINARIO',1,1),(193,9,'NT1683-2 - TRABAJO DE GRADO INVESTIGACIÓN',1,1),(194,1,'EX1111-10 - EXPRESIÓN ESCRITA',1,1),(195,1,'ID1111-10 - FUNDAMENTOS DE INFORMACIÓN',1,1),(196,1,'CB1111-10 - MATEMÁTICA BÁSICA',1,1),(197,1,'ID1112-10 - PRINCIPIOS ARCHIVISTICOS',1,1),(198,1,'  SI1115-10 - TECNOLOGÍA COMPUTACIONAL',1,1),(199,1,'ID1113-10 - UNIDADES DE INFORMACIÓN BIBLIOGRÁFICA Y DOCUMENTAL',1,1),(200,2,'CB1121-10 - CÁLCULO DIFERENCIAL',1,1),(201,2,'  ID1121-10 - CATALOGACIÓN BIBLIOGRÁFICA',1,1),(202,2,'FS1121-10 - FORMACIÓN CIUDADANA',1,1),(203,2,'LE1171-10 - IDIOMA EXTRANJERO I',1,1),(204,2,'TE1122-10 - TELEMÁTICA',1,1),(205,2,'ID1122-10 - UNIDADES DE CORRESPONDENCIA',1,1),(206,3,'SI1136-10 - BASES DE DATOS I',1,1),(207,3,'ID1131-10 - CATALOGACIÓN ELECTRÓNICA',1,1),(208,3,'  ID1132-10 - CLASIFICACIÓN DOCUMENTAL',1,1),(209,3,' CB1132-10 - ESTADÍSTICA Y PROBABILIDADES',1,1),(210,3,'LE1172-10 - IDIOMA EXTRANJERO II',1,1),(211,3,'NT1131-10 - INNOVACIÓN TECNOLÓGICA',1,1),(212,4,'SI1141-10 - BASES DE DATOS II',1,1),(213,4,'ID1141-10 - CLASIFICACIÓN DEL CONOCIMIENTO',1,1),(214,4,'NT1141-10 - FUNDAMENTOS DE INVESTIGACIÓN',1,1),(215,4,' LE1173-10 - IDIOMA EXTRANJERO III',1,1),(216,4,'ID1142-10 - ORGANIZACIÓN DOCUMENTAL',1,1),(217,4,'PR1141-10 - PRACTICA PROFESIONAL',1,1),(218,5,' ID1152-10 - AUTOMATIZACIÓN ARCHIVISTICA',1,1),(219,5,'EL1106-10 - ELECTIVA DISCIPLINAR I',1,1),(220,5,'ID6101-10 - ELECTIVA PROFESIONAL I: BASES DE DATOS WEB',1,1),(221,5,'FS1131-10 - ÉTICA GENERAL Y PROFESIONAL',1,1),(222,5,'  ID1151-10 - INFORMACIÓN AUDIOVISUAL',1,1),(223,5,'NT1151-10 - PROYECTO',1,1),(224,6,' ID1161-10 - AUTOMATIZACIÓN BIBLIOGRÁFICA',1,1),(225,6,'EL1107-10 - ELECTIVA DISCIPLINAR II',1,1),(226,6,'ID6103-10 - HERRAMIENTAS WEB',1,1),(227,6,'  ID1163-10 - LEGISLACIÓN BIBLIOGRÁFICA Y DOCUMENTAL',1,1),(228,6,'ID1162-10 - SERVICIOS DE INFORMACIÓN',1,1),(229,6,'  PI1165-10 - TECNOLOGÍA VERDE',1,1),(230,1,'SI1112-5 - ARUITECTURA DE COMPUTADORES',1,1),(231,1,'EX1111-5 - EXPRESIÓN ESCRITA',1,1),(232,1,' LE1171-5 - IDIOMA EXTRANJERO I',1,1),(233,1,'SI1116-5 - INTRODUCCIÓN A LA TECNOLOGÍA COMPUTACIONAL',1,1),(234,1,' SI1114-5 - LÓGICA DE PROGRAMACIÓN',1,1),(235,1,'CB1111-5 - MATEMÁTICA BÁSICA',1,1),(236,2,'SI1122-5 - BASES DE DATOS',1,1),(237,2,'CB1121-5 - CÁLCULO DIFERENCIAL',1,1),(238,2,'SI1124-5 - ESTRUCTURAS Y PROGRAMACIÓN ORIENTADA A OBJETOS',1,1),(239,2,'CB1124-5 - FÍSICA Y LABORATORIO I',1,1),(240,2,'FS1121-5 - FORMACIÓN CIUDADANA',1,1),(241,2,'LE1172-5 - IDIOMA EXTRANJERO II',1,1),(242,2,'TE1121-5 - TELEMÁTICA',1,1),(243,3,'SI1134-5 - BASES DE DATOS APLICADA',1,1),(244,3,'CB1131-5 - CÁLCULO INTEGRAL',1,1),(245,3,'FS1131-5 - ÉTICA GENERAL Y PROFESIONAL',1,1),(246,3,'CB1133-5 - FÍSICA Y LABORATORIO II',1,1),(247,3,'  LE1173-5 - IDIOMA EXTRANJERO III',1,1),(248,3,'PP0001-5 - MODELAMIENTO DE SISTEMAS DE INFORMACIÓN',1,1),(249,3,'SI1133-5 - PROGRAMACIÓN APLICADA',1,1),(250,4,'CB1143-5 - ALGEBRA Y PROGRAMACIÓN LINEAL',1,1),(251,4,'PP0002-5 - ESTADÍSTICA INFERENCIAL',1,1),(252,4,'NT1141-5 - FUNDAMENTOS DE INVESTIGACIÓN',1,1),(253,4,'SI1144-5 - LENGUAJE VISUAL',1,1),(254,4,'SI1142-5 - METODOLOGÍA DE SOFTWARE',1,1),(255,4,'PR1141-5 - PRACTICA PROFESIONAL',1,1),(256,5,'PP0003-5 - CICLO DE VIDA DE DESARROLLO',1,1),(257,5,'EL1106-5 - ELECTIVA DISCIPLINAR I',1,1),(258,5,'SI6103-5 - ELECTIVA PROFESIONAL I: TYPESCRIPT',1,1),(259,5,'  SI1155-5 - PROGRAMACIÓN WEB',1,1),(260,5,'TE1131-5 - REDES',1,1),(261,5,'NT1152-5 - TÉCNICAS Y MÉTODOS DE INVNESTIGACIÓN',1,1),(262,6,'EL1107-5 - ELECTIVA DISCIPLINAR II',1,1),(263,6,'SI6106-5 - ELECTIVA PROFESIONAL II: DESARROLLO DE VIDEOJUEGOS',1,1),(264,6,'SI1163-5 - NUEVAS TENDENCIAS TECNOLÓGICAS',1,1),(265,6,'SI1162-5 - PROGRAMACIÓN EN AMBIENTES MÓVILES',1,1),(266,6,' SI1164-5 - SISTEMAS OPERATIVOS',1,1),(267,6,'PI1165-5 - TECNOLOGÍA VERDE',1,1),(268,1,'SI1112-4 - ARUITECTURA DE COMPUTADORES',1,1),(269,1,'EX1111-4 - EXPRESIÓN ESCRITA',1,1),(270,1,'LE1171-4 - IDIOMA EXTRANJERO I',1,1),(271,1,'SI1116-4 - INTRODUCCIÓN A LA TECNOLOGÍA COMPUTACIONAL',1,1),(272,1,'SI1114-4 - LÓGICA DE PROGRAMACIÓN',1,1),(273,1,'CB1111-4 - MATEMÁTICA BÁSICA',1,1),(274,2,'SI1122-4 - BASES DE DATOS',1,1),(275,2,'CB1121-4 - CÁLCULO DIFERENCIAL',1,1),(276,2,'SI1124-4 - ESTRUCTURAS Y PROGRAMACIÓN ORIENTADA A OBJETOS',1,1),(277,2,'CB1124-4 - FÍSICA Y LABORATORIO I',1,1),(278,2,'FS1121-4 - FORMACIÓN CIUDADANA',1,1),(279,2,'LE1172-4 - IDIOMA EXTRANJERO II',1,1),(280,2,'TE1121-4 - TELEMÁTICA',1,1),(281,3,'SI1134-4 - BASES DE DATOS APLICADA',1,1),(282,3,'CB1131-4 - CÁLCULO INTEGRAL',1,1),(283,3,'FS1131-4 - ÉTICA GENERAL Y PROFESIONAL',1,1),(284,3,'CB1133-4 - FÍSICA Y LABORATORIO II',1,1),(285,3,'LE1173-4 - IDIOMA EXTRANJERO III',1,1),(286,3,'PP0001-4 - MODELAMIENTO DE SISTEMAS DE INFORMACIÓN',1,1),(287,3,'  SI1133-4 - PROGRAMACIÓN APLICADA',1,1),(288,4,'CB1143-4 - ALGEBRA Y PROGRAMACIÓN LINEAL',1,1),(289,4,'PP0002-4 - ESTADÍSTICA INFERENCIAL',1,1),(290,4,'NT1141-4 - FUNDAMENTOS DE INVESTIGACIÓN',1,1),(291,4,'SI1144-4 - LENGUAJE VISUAL',1,1),(292,4,'  SI1142-4 - METODOLOGÍA DE SOFTWARE',1,1),(293,4,'PR1141-4 - PRACTICA PROFESIONAL',1,1),(294,5,'PP0003-4 - CICLO DE VIDA DE DESARROLLO',1,1),(295,5,'EL1106-4 - ELECTIVA DISCIPLINAR I',1,1),(296,5,'SI6103-4 - ELECTIVA PROFESIONAL I: TYPESCRIPT',1,1),(297,5,'SI1155-4 - PROGRAMACIÓN WEB',1,1),(298,5,'  TE1131-4 - REDES',1,1),(299,5,'NT1152-4 - TÉCNICAS Y MÉTODOS DE INVNESTIGACIÓN',1,1),(300,6,'EL1107-4 - ELECTIVA DISCIPLINAR II',1,1),(301,6,'SI6106-4 - ELECTIVA PROFESIONAL II: DESARROLLO DE VIDEOJUEGOS',1,1),(302,6,'SI1163-4 - NUEVAS TENDENCIAS TECNOLÓGICAS',1,1),(303,6,'SI1162-4 - PROGRAMACIÓN EN AMBIENTES MÓVILES',1,1),(304,6,'SI1164-4 - SISTEMAS OPERATIVOS',1,1),(305,6,'PI1165-4 - TECNOLOGÍA VERDE',1,1);

insert  into `grupo`(`ID`,`SEMESTRE`,`CURSO`,`ID_TIPO`,`ESTATUS`, `DOCENTE`) values (306,6,'CI1622-7 - INSTITUCIONES ARCHIVISTICAS',1,1, 'PEPITO PEREZ');

/*Table structure for table `grupo_oferta` */

DROP TABLE IF EXISTS `grupo_oferta`;

CREATE TABLE `grupo_oferta` (
  `ID` int(11) NOT NULL AUTO_INCREMENT,
  `ID_OFERTA` int(11) NOT NULL,
  `ID_GRUPO` int(11) NOT NULL,
  `CANTIDAD` int(11) NOT NULL,
  `CAPACIDAD` int(11) NOT NULL,
  `ESTATUS` int(11) NOT NULL DEFAULT 1,
  PRIMARY KEY (`ID`)
) ENGINE=InnoDB AUTO_INCREMENT=306 DEFAULT CHARSET=utf8;

/*Data for the table `grupo_oferta` */

insert  into `grupo_oferta`(`ID`,`ID_OFERTA`,`ID_GRUPO`,`CANTIDAD`,`CAPACIDAD`,`ESTATUS`) values (1,1,1,0,0,1),(2,1,2,0,0,1),(3,1,3,0,0,1),(4,1,4,0,0,1),(5,1,5,0,0,1),(6,1,6,0,0,1),(7,1,7,0,0,1),(8,1,8,0,0,1),(9,1,9,0,0,1),(10,1,10,0,0,1),(11,1,11,0,0,1),(12,1,12,0,0,1),(13,1,13,0,0,1),(14,1,14,0,0,1),(15,1,15,0,0,1),(16,1,16,0,0,1),(17,1,17,0,0,1),(18,1,18,0,0,1),(19,2,19,0,0,1),(20,2,20,0,0,1),(21,2,21,0,0,1),(22,2,22,0,0,1),(23,2,23,0,0,1),(24,2,24,0,0,1),(25,2,25,0,0,1),(26,2,26,0,0,1),(27,2,27,0,0,1),(28,2,28,0,0,1),(29,2,29,0,0,1),(30,2,30,0,0,1),(31,2,31,0,0,1),(32,2,32,0,0,1),(33,2,33,0,0,1),(34,2,34,0,0,1),(35,2,35,0,0,1),(36,2,36,0,0,1),(37,2,37,0,0,1),(38,3,38,0,0,1),(39,3,39,0,0,1),(40,3,40,0,0,1),(41,3,41,0,0,1),(42,3,42,0,0,1),(43,3,43,0,0,1),(44,3,44,0,0,1),(45,3,45,0,0,1),(46,3,46,0,0,1),(47,3,47,0,0,1),(48,3,48,0,0,1),(49,3,49,0,0,1),(50,3,50,0,0,1),(51,3,51,0,0,1),(52,3,52,0,0,1),(53,3,53,0,0,1),(54,3,54,0,0,1),(55,3,55,0,0,1),(56,3,56,0,0,1),(57,3,57,0,0,1),(58,3,58,0,0,1),(59,3,59,0,0,1),(60,3,60,0,0,1),(61,3,61,0,0,1),(62,3,62,0,0,1),(63,3,63,0,0,1),(64,4,64,0,0,1),(65,4,65,0,0,1),(66,4,66,0,0,1),(67,4,67,0,0,1),(68,4,68,0,0,1),(69,4,69,0,0,1),(70,4,70,0,0,1),(71,4,71,0,0,1),(72,4,72,0,0,1),(73,4,73,0,0,1),(74,4,74,0,0,1),(75,4,75,0,0,1),(76,4,76,0,0,1),(77,4,77,0,0,1),(78,4,78,0,0,1),(79,4,79,0,0,1),(80,4,80,0,0,1),(81,4,81,0,0,1),(82,4,82,0,0,1),(83,4,83,0,0,1),(84,4,84,0,0,1),(85,4,85,0,0,1),(86,4,86,0,0,1),(87,4,87,0,0,1),(88,4,88,0,0,1),(89,5,89,0,0,1),(90,5,90,0,0,1),(91,5,91,0,0,1),(92,5,92,0,0,1),(93,5,93,0,0,1),(94,5,94,0,0,1),(95,5,95,0,0,1),(96,5,96,0,0,1),(97,5,97,0,0,1),(98,5,98,0,0,1),(99,5,99,0,0,1),(100,5,100,0,0,1),(101,5,101,0,0,1),(102,5,102,0,0,1),(103,5,103,0,0,1),(104,5,104,0,0,1),(105,5,105,0,0,1),(106,5,106,0,0,1),(107,5,107,0,0,1),(108,5,108,0,0,1),(109,6,109,0,0,1),(110,6,110,0,0,1),(111,6,111,0,0,1),(112,6,112,0,0,1),(113,6,113,0,0,1),(114,6,114,0,0,1),(115,6,115,0,0,1),(116,6,116,0,0,1),(117,6,117,0,0,1),(118,6,118,0,0,1),(119,6,119,0,0,1),(120,6,120,0,0,1),(121,6,121,0,0,1),(122,6,122,0,0,1),(123,6,123,0,0,1),(124,6,124,0,0,1),(125,6,125,0,0,1),(126,6,126,0,0,1),(127,6,127,0,0,1),(128,6,128,0,0,1),(129,6,129,0,0,1),(130,6,130,0,0,1),(131,6,131,0,0,1),(132,6,132,0,0,1),(133,6,133,0,0,1),(134,6,134,0,0,1),(135,6,135,0,0,1),(136,6,136,0,0,1),(137,6,137,0,0,1),(138,6,138,0,0,1),(139,6,139,0,0,1),(140,6,140,0,0,1),(141,6,141,0,0,1),(142,6,142,0,0,1),(143,6,143,0,0,1),(144,6,144,0,0,1),(145,6,145,0,0,1),(146,6,146,0,0,1),(147,6,147,0,0,1),(148,6,148,0,0,1),(149,6,149,0,0,1),(150,6,150,0,0,1),(151,6,151,0,0,1),(152,6,152,0,0,1),(153,6,153,0,0,1),(154,6,154,0,0,1),(155,6,155,0,0,1),(156,6,156,0,0,1),(157,6,157,0,0,1),(158,6,158,0,0,1),(159,6,159,0,0,1),(160,6,160,0,0,1),(161,6,161,0,0,1),(162,6,162,0,0,1),(163,6,163,0,0,1),(164,6,164,0,0,1),(165,6,165,0,0,1),(166,6,166,0,0,1),(167,7,167,0,0,1),(168,7,168,0,0,1),(169,7,169,0,0,1),(170,7,170,0,0,1),(171,7,171,0,0,1),(172,7,172,0,0,1),(173,7,173,0,0,1),(174,7,174,0,0,1),(175,7,175,0,0,1),(176,7,176,0,0,1),(177,7,177,0,0,1),(178,7,178,0,0,1),(179,7,179,0,0,1),(180,7,180,0,0,1),(181,7,181,0,0,1),(182,7,182,0,0,1),(183,7,183,0,0,1),(184,7,184,0,0,1),(185,7,185,0,0,1),(186,7,186,0,0,1),(187,7,187,0,0,1),(188,7,188,0,0,1),(189,7,189,0,0,1),(190,7,190,0,0,1),(191,7,191,0,0,1),(192,7,192,0,0,1),(193,7,193,0,0,1),(194,8,194,0,0,1),(195,8,195,0,0,1),(196,8,196,0,0,1),(197,8,197,0,0,1),(198,8,198,0,0,1),(199,8,199,0,0,1),(200,8,200,0,0,1),(201,8,201,0,0,1),(202,8,202,0,0,1),(203,8,203,0,0,1),(204,8,204,0,0,1),(205,8,205,0,0,1),(206,8,206,0,0,1),(207,8,207,0,0,1),(208,8,208,0,0,1),(209,8,209,0,0,1),(210,8,210,0,0,1),(211,8,211,0,0,1),(212,8,212,0,0,1),(213,8,213,0,0,1),(214,8,214,0,0,1),(215,8,215,0,0,1),(216,8,216,0,0,1),(217,8,217,0,0,1),(218,8,218,0,0,1),(219,8,219,0,0,1),(220,8,220,0,0,1),(221,8,221,0,0,1),(222,8,222,0,0,1),(223,8,223,0,0,1),(224,8,224,0,0,1),(225,8,225,0,0,1),(226,8,226,0,0,1),(227,8,227,0,0,1),(228,8,228,0,0,1),(229,8,229,0,0,1),(230,9,230,0,0,1),(231,9,231,0,0,1),(232,9,232,0,0,1),(233,9,233,0,0,1),(234,9,234,0,0,1),(235,9,235,0,0,1),(236,9,236,0,0,1),(237,9,237,0,0,1),(238,9,238,0,0,1),(239,9,239,0,0,1),(240,9,240,0,0,1),(241,9,241,0,0,1),(242,9,242,0,0,1),(243,9,243,0,0,1),(244,9,244,0,0,1),(245,9,245,0,0,1),(246,9,246,0,0,1),(247,9,247,0,0,1),(248,9,248,0,0,1),(249,9,249,0,0,1),(250,9,250,0,0,1),(251,9,251,0,0,1),(252,9,252,0,0,1),(253,9,253,0,0,1),(254,9,254,0,0,1),(255,9,255,0,0,1),(256,9,256,0,0,1),(257,9,257,0,0,1),(258,9,258,0,0,1),(259,9,259,0,0,1),(260,9,260,0,0,1),(261,9,261,0,0,1),(262,9,262,0,0,1),(263,9,263,0,0,1),(264,9,264,0,0,1),(265,9,265,0,0,1),(266,9,266,0,0,1),(267,9,267,0,0,1),(268,10,268,0,0,1),(269,10,269,0,0,1),(270,10,270,0,0,1),(271,10,271,0,0,1),(272,10,272,0,0,1),(273,10,273,0,0,1),(274,10,274,0,0,1),(275,10,275,0,0,1),(276,10,276,0,0,1),(277,10,277,0,0,1),(278,10,278,0,0,1),(279,10,279,0,0,1),(280,10,280,0,0,1),(281,10,281,0,0,1),(282,10,282,0,0,1),(283,10,283,0,0,1),(284,10,284,0,0,1),(285,10,285,0,0,1),(286,10,286,0,0,1),(287,10,287,0,0,1),(288,10,288,0,0,1),(289,10,289,0,0,1),(290,10,290,0,0,1),(291,10,291,0,0,1),(292,10,292,0,0,1),(293,10,293,0,0,1),(294,10,294,0,0,1),(295,10,295,0,0,1),(296,10,296,0,0,1),(297,10,297,0,0,1),(298,10,298,0,0,1),(299,10,299,0,0,1),(300,10,300,0,0,1),(301,10,301,0,0,1),(302,10,302,0,0,1),(303,10,303,0,0,1),(304,10,304,0,0,1),(305,10,305,0,0,1);

/*Table structure for table `iconos` */

DROP TABLE IF EXISTS `iconos`;

CREATE TABLE `iconos` (
  `ID` int(11) NOT NULL AUTO_INCREMENT,
  `DESCRIPCION` varchar(50) NOT NULL,
  `IMAGEN` varchar(100) NOT NULL,
  `ESTATUS` int(11) NOT NULL DEFAULT 1,
  PRIMARY KEY (`ID`)
) ENGINE=InnoDB AUTO_INCREMENT=4 DEFAULT CHARSET=utf8;

/*Data for the table `iconos` */

insert  into `iconos`(`ID`,`DESCRIPCION`,`IMAGEN`,`ESTATUS`) values (1,'Editar','assets/img/acciones/editar.png',1),(2,'Eliminar','assets/img/acciones/eliminar.png',1),(3,'Modificar','assets/img/acciones/modificar.png',1);

/*Table structure for table `menu` */

DROP TABLE IF EXISTS `menu`;

CREATE TABLE `menu` (
  `ID` int(11) NOT NULL,
  `DESCRIPCION` varchar(50) NOT NULL,
  `IMAGEN` varchar(50) NOT NULL DEFAULT 'assets/img/menu/not_found.png',
  `URL` varchar(50) NOT NULL,
  `ORDENAMIENTO` int(11) NOT NULL DEFAULT 0,
  `ESTATUS` int(11) NOT NULL DEFAULT 0,
  PRIMARY KEY (`ID`)
) ENGINE=InnoDB DEFAULT CHARSET=utf8;

/*Data for the table `menu` */

insert  into `menu`(`ID`,`DESCRIPCION`,`IMAGEN`,`URL`,`ORDENAMIENTO`,`ESTATUS`) values (0,'Nodo Raíz','assets/img/menu/not_found.png','#',0,1),(1,'Rol','assets/img/menu/rol.png','rol.php',1,1),(2,'Usuario','assets/img/menu/usuario.png','usuario.php',2,1),(3,'Menú','assets/img/menu/menu.png','menu.php',3,1),(4,'Horario','assets/img/menu/horario.png','horario.php',4,1),(5,'Oferta Academica','assets/img/menu/oferta.png','oferta.php',5,1),(6,'Reportes','assets/img/menu/reporte.png','reporte.php',6,1),(7,'Datos','assets/img/menu/configuracion.png','datos.php',7,1);

/*Table structure for table `oferta` */

DROP TABLE IF EXISTS `oferta`;

CREATE TABLE `oferta` (
  `ID` int(11) NOT NULL AUTO_INCREMENT,
  `DESCRIPCION` varchar(100) NOT NULL,
  `CURRICULO` varchar(100) NOT NULL,
  `ESTATUS` int(11) NOT NULL DEFAULT 1,
  PRIMARY KEY (`ID`)
) ENGINE=InnoDB AUTO_INCREMENT=11 DEFAULT CHARSET=utf8;

/*Data for the table `oferta` */

insert  into `oferta`(`ID`,`DESCRIPCION`,`CURRICULO`,`ESTATUS`) values (1,'CIENCIA DE LA INFORMACION Y BIBLIOTECOLOGIA','EGRESADOS PLAN 10 - NOCTURNO',1),(2,'CIENCIA DE LA INFORMACION Y BIBLIOTECOLOGIA','EGRESADOS PLAN 11 - NOCTURNO',1),(3,'CIENCIA DE LA INFORMACION Y BIBLIOTECOLOGIA','SENA GESTION BIBLIOTECARIA',1),(4,'CIENCIA DE LA INFORMACION Y BIBLIOTECOLOGIA','SENA GESTION DOCUMENTAL',1),(5,'INGENIERIA DE SOFTWARE','EGRESADOS - NOCTURNO',1),(6,'INGENIERIA DE SOFTWARE','PLAN ESTUDIOS 2020',1),(7,'INGENIERIA DE SOFTWARE','SENA - NOCTURNO',1),(8,'TECNOLOGIA EN ADMINISTRACION DE SISTEMAS DE INFORMACION Y DOCUMENTACION','PLAN NOCTURNO',1),(9,'TECNOLOGIA EN COMPUTACION Y DESARROLLO DE SOFTWARE','PLAN DIURNO',1),(10,'TECNOLOGIA EN COMPUTACION Y DESARROLLO DE SOFTWARE','PLAN NOCTURNO',1);

/*Table structure for table `perfiles` */

DROP TABLE IF EXISTS `perfiles`;

CREATE TABLE `perfiles` (
  `ID` int(11) NOT NULL AUTO_INCREMENT,
  `DESCRIPCION` varchar(30) NOT NULL,
  `ESTATUS` int(11) NOT NULL DEFAULT 1,
  PRIMARY KEY (`ID`)
) ENGINE=InnoDB AUTO_INCREMENT=3 DEFAULT CHARSET=utf8;

/*Data for the table `perfiles` */

insert  into `perfiles`(`ID`,`DESCRIPCION`,`ESTATUS`) values (1,'Administrador',1),(2,'Docente',1);

/*Table structure for table `permisos` */

DROP TABLE IF EXISTS `permisos`;

CREATE TABLE `permisos` (
  `ID` int(11) NOT NULL AUTO_INCREMENT,
  `ID_USUARIO` int(11) NOT NULL,
  `ID_MENU` int(11) NOT NULL,
  `ESTATUS` int(11) NOT NULL DEFAULT 1,
  PRIMARY KEY (`ID`)
) ENGINE=InnoDB AUTO_INCREMENT=8 DEFAULT CHARSET=utf8;

/*Data for the table `permisos` */

insert  into `permisos`(`ID`,`ID_USUARIO`,`ID_MENU`,`ESTATUS`) values (1,1,1,1),(2,1,2,1),(3,1,3,1),(4,1,4,1),(5,1,5,1),(6,1,6,1),(7,1,7,1);

/*Table structure for table `permisos_iconos` */

DROP TABLE IF EXISTS `permisos_iconos`;

CREATE TABLE `permisos_iconos` (
  `ID` int(11) NOT NULL AUTO_INCREMENT,
  `ID_USUARIO` int(11) NOT NULL,
  `ID_ICONO` int(11) NOT NULL,
  `ID_MENU` int(11) NOT NULL,
  `ESTATUS` int(11) NOT NULL DEFAULT 1,
  PRIMARY KEY (`ID`)
) ENGINE=InnoDB AUTO_INCREMENT=10 DEFAULT CHARSET=utf8;

/*Data for the table `permisos_iconos` */

insert  into `permisos_iconos`(`ID`,`ID_USUARIO`,`ID_ICONO`,`ID_MENU`,`ESTATUS`) values (1,1,1,0,1),(2,1,2,0,1),(3,1,1,1,1),(4,1,2,1,1),(5,1,3,1,1),(6,1,1,2,1),(7,1,2,2,1),(8,1,1,3,1),(9,1,2,3,1);

/*Table structure for table `tipo_curso` */

DROP TABLE IF EXISTS `tipo_curso`;

CREATE TABLE `tipo_curso` (
  `ID` int(11) NOT NULL AUTO_INCREMENT,
  `DESCRIPCION` varchar(20) NOT NULL,
  `ESTATUS` int(11) NOT NULL DEFAULT 1,
  PRIMARY KEY (`ID`)
) ENGINE=InnoDB AUTO_INCREMENT=7 DEFAULT CHARSET=utf8;

/*Data for the table `tipo_curso` */

insert  into `tipo_curso`(`ID`,`DESCRIPCION`,`ESTATUS`) values (1,'NORMAL',1),(2,'VIRTUAL',1),(3,'ELECTIVA',1),(4,'PROYECTO DE GRADO',1),(5,'PRÁCTICA LABORATORIO',1),(6,'PRÁCTICA EXTERNA',1);

/*Table structure for table `usuarios` */

DROP TABLE IF EXISTS `usuarios`;

CREATE TABLE `usuarios` (
  `ID` int(11) NOT NULL AUTO_INCREMENT,
  `NOMBRE` varchar(100) NOT NULL,
  `APELLIDOS` varchar(50) NOT NULL,
  `CORREO` varchar(50) NOT NULL,
  `USUARIO` varchar(20) NOT NULL,
  `PASSWORD` varchar(50) NOT NULL,
  `FECHA_REGISTRO` varchar(20) NOT NULL,
  `FECHA_ACTIVACION` varchar(20) NOT NULL,
  `FECHA_ACTUALIZACION` varchar(20) NOT NULL,
  `VERIFICADO` int(11) NOT NULL DEFAULT 1,
  `ESTATUS` int(11) NOT NULL DEFAULT 0,
  `ACCESO` int(11) NOT NULL DEFAULT 0,
  `TIPO_USUARIO` int(11) NOT NULL,
  PRIMARY KEY (`ID`)
) ENGINE=InnoDB AUTO_INCREMENT=3 DEFAULT CHARSET=utf8;

/*Data for the table `usuarios` */

insert  into `usuarios`(`ID`,`NOMBRE`,`APELLIDOS`,`CORREO`,`USUARIO`,`PASSWORD`,`FECHA_REGISTRO`,`FECHA_ACTIVACION`,`FECHA_ACTUALIZACION`,`VERIFICADO`,`ESTATUS`,`ACCESO`,`TIPO_USUARIO`) values (1,'Juan','O','test@gmail.com','admin','admin','','','',1,1,0,1),(2,'Prueba','1','prueba@gmail.com','prueba','111','','','',1,1,0,1);

/*!40101 SET SQL_MODE=@OLD_SQL_MODE */;
/*!40014 SET FOREIGN_KEY_CHECKS=@OLD_FOREIGN_KEY_CHECKS */;
/*!40014 SET UNIQUE_CHECKS=@OLD_UNIQUE_CHECKS */;
/*!40111 SET SQL_NOTES=@OLD_SQL_NOTES */;
